id,inputs,reference_outputs,outputs,run,status,error,latency,tokens,total_cost,correctness
359d8a9b-3e0c-462d-a7a6-99a82a41ea59,"{""question"": ""ToolOrchestra: Elevating Intelligence via Efficient Model and Tool Orchestration""}","{""answer"": ""title : ToolOrchestra: Elevating Intelligence via Efficient Model and Tool Orchestration\nhuggingface_url : https://huggingface.co/papers/2511.21689\ngit_url : https://github.com/NVlabs/ToolOrchestra/\nupvote:99\nauthors : Hongjin Su, Shizhe Diao, Ximing Lu""}","{""answer"": ""1) 간단한 요약  \nToolOrchestra는 다양한 지능형 도구를 효율적으로 조정하여 복잡한 작업을 해결하는 방법을 제시합니다.\n\n2) 주요 통찰  \n- ToolOrchestra는 소형 조정자를 사용하여 여러 지능형 도구를 조정합니다.  \n- 강화 학습을 통해 정확도와 효율성을 높입니다.  \n- \""단일 대형 모델\""에서 모듈형, 적응형, 자기 최적화 시스템으로의 전환을 나타냅니다.  \n- 복잡한 작업을 해결하는 데 있어 더 나은 성능을 제공합니다.  \n- 다양한 도구와 모델을 통합하여 AI 시스템의 민주화를 촉진합니다.  \n\n3) 관련 논문  \n- ToolOrchestra: Elevating Intelligence via Efficient Model and Tool Orchestration  \n- Democratizing AI scientists using ToolUniverse  \n\n4) 자세한 설명  \nToolOrchestra는 여러 지능형 도구를 조정하는 소형 조정자를 훈련시키는 방법을 제안합니다. 이 방법은 강화 학습을 활용하여 도구의 결과와 효율성을 극대화합니다. 기존의 단일 대형 모델에서 벗어나, 모듈형 및 적응형 AI 시스템으로의 전환을 통해 복잡한 작업을 더 효과적으로 해결할 수 있습니다. 이러한 접근 방식은 AI 시스템의 민주화를 촉진하고, 다양한 도구와 모델을 통합하여 연구자들이 더 쉽게 작업할 수 있도록 합니다.\n\n5) 출처 요약  \n- title: ToolOrchestra: Elevating Intelligence via Efficient Model and Tool Orchestration  \n  authors: No information  \n  huggingface_url: https://huggingface.co/papers/2511.21689  \n  github_url: https://github.com/NVlabs/ToolOrchestra/  \n  upvote: 96  \n- title: ToolOrchestra: Elevating Intelligence via Efficient Model and Tool Orchestration  \n  authors: No information  \n  huggingface_url: https://huggingface.co/papers/2511.21689  \n  github_url: https://github.com/NVlabs/ToolOrchestra/  \n  upvote: 96  \n- title: ToolOrchestra: Elevating Intelligence via Efficient Model and Tool Orchestration  \n  authors: No information  \n  huggingface_url: https://huggingface.co/papers/2511.21689  \n  github_url: https://github.com/NVlabs/ToolOrchestra/  \n  upvote: 96  ""}","{""inputs"": {""inputs"": {""question"": ""ToolOrchestra: Elevating Intelligence via Efficient Model and Tool Orchestration""}}, ""outputs"": {""answer"": ""1) 간단한 요약  \nToolOrchestra는 다양한 지능형 도구를 효율적으로 조정하여 복잡한 작업을 해결하는 방법을 제시합니다.\n\n2) 주요 통찰  \n- ToolOrchestra는 소형 조정자를 사용하여 여러 지능형 도구를 조정합니다.  \n- 강화 학습을 통해 정확도와 효율성을 높입니다.  \n- \""단일 대형 모델\""에서 모듈형, 적응형, 자기 최적화 시스템으로의 전환을 나타냅니다.  \n- 복잡한 작업을 해결하는 데 있어 더 나은 성능을 제공합니다.  \n- 다양한 도구와 모델을 통합하여 AI 시스템의 민주화를 촉진합니다.  \n\n3) 관련 논문  \n- ToolOrchestra: Elevating Intelligence via Efficient Model and Tool Orchestration  \n- Democratizing AI scientists using ToolUniverse  \n\n4) 자세한 설명  \nToolOrchestra는 여러 지능형 도구를 조정하는 소형 조정자를 훈련시키는 방법을 제안합니다. 이 방법은 강화 학습을 활용하여 도구의 결과와 효율성을 극대화합니다. 기존의 단일 대형 모델에서 벗어나, 모듈형 및 적응형 AI 시스템으로의 전환을 통해 복잡한 작업을 더 효과적으로 해결할 수 있습니다. 이러한 접근 방식은 AI 시스템의 민주화를 촉진하고, 다양한 도구와 모델을 통합하여 연구자들이 더 쉽게 작업할 수 있도록 합니다.\n\n5) 출처 요약  \n- title: ToolOrchestra: Elevating Intelligence via Efficient Model and Tool Orchestration  \n  authors: No information  \n  huggingface_url: https://huggingface.co/papers/2511.21689  \n  github_url: https://github.com/NVlabs/ToolOrchestra/  \n  upvote: 96  \n- title: ToolOrchestra: Elevating Intelligence via Efficient Model and Tool Orchestration  \n  authors: No information  \n  huggingface_url: https://huggingface.co/papers/2511.21689  \n  github_url: https://github.com/NVlabs/ToolOrchestra/  \n  upvote: 96  \n- title: ToolOrchestra: Elevating Intelligence via Efficient Model and Tool Orchestration  \n  authors: No information  \n  huggingface_url: https://huggingface.co/papers/2511.21689  \n  github_url: https://github.com/NVlabs/ToolOrchestra/  \n  upvote: 96  ""}, ""session_id"": ""c211a837-55ef-4634-9e01-2f53fdea81d5"", ""error"": null, ""extra"": {""metadata"": {""__ls_runner"": ""py_sdk_evaluate"", ""example_version"": ""2025-12-10T02:37:20.441523+00:00"", ""ls_example_dataset_split"": [""base""], ""ls_method"": ""traceable"", ""ls_run_depth"": 0, ""num_repetitions"": 1, ""revision_id"": ""0df251b-dirty""}, ""runtime"": {""langchain_core_version"": ""1.1.3"", ""langchain_version"": ""1.1.3"", ""library"": ""langsmith"", ""platform"": ""Windows-10-10.0.26200-SP0"", ""py_implementation"": ""CPython"", ""runtime"": ""python"", ""runtime_version"": ""3.10.11"", ""sdk"": ""langsmith-py"", ""sdk_version"": ""0.4.58""}}, ""run_type"": ""chain"", ""id"": ""019b061e-f298-70b3-9efe-04d1db54ab3a"", ""status"": ""success""}",success,,11.660619020462036,1944,0.0005328,0.5
72c692ea-7468-4774-8b4a-b921cf546c64,"{""question"": ""LLM에서 캐시와 관련된 논문이 있나요?""}","{""answer"": ""title: Cache-to-Cache: Direct Semantic Communication Between Large Language Models\nhuggingface_url: https://huggingface.co/papers/2510.03215\ngit_url: https://github.com/thu-nics/C2C\nauthors: Tianyu Fu, Zihan Min, Hanling Zhang\nupvote: 97""}","{""answer"": ""1) LLM에서 캐시와 관련된 논문은 없습니다.\n\n2) 현재 제공된 논문들 중에서 LLM의 캐시와 직접적으로 관련된 내용을 다룬 논문은 없습니다. 그러나 LLM의 성능 향상이나 훈련 방법에 대한 다양한 연구가 진행되고 있습니다.\n\n3) source : DuckDuckgo\n   - (no URL available)""}","{""inputs"": {""inputs"": {""question"": ""LLM에서 캐시와 관련된 논문이 있나요?""}}, ""outputs"": {""answer"": ""1) LLM에서 캐시와 관련된 논문은 없습니다.\n\n2) 현재 제공된 논문들 중에서 LLM의 캐시와 직접적으로 관련된 내용을 다룬 논문은 없습니다. 그러나 LLM의 성능 향상이나 훈련 방법에 대한 다양한 연구가 진행되고 있습니다.\n\n3) source : DuckDuckgo\n   - (no URL available)""}, ""session_id"": ""c211a837-55ef-4634-9e01-2f53fdea81d5"", ""error"": null, ""extra"": {""metadata"": {""__ls_runner"": ""py_sdk_evaluate"", ""example_version"": ""2025-12-10T02:37:20.441523+00:00"", ""ls_example_dataset_split"": [""base""], ""ls_method"": ""traceable"", ""ls_run_depth"": 0, ""num_repetitions"": 1, ""revision_id"": ""0df251b-dirty""}, ""runtime"": {""langchain_core_version"": ""1.1.3"", ""langchain_version"": ""1.1.3"", ""library"": ""langsmith"", ""platform"": ""Windows-10-10.0.26200-SP0"", ""py_implementation"": ""CPython"", ""runtime"": ""python"", ""runtime_version"": ""3.10.11"", ""sdk"": ""langsmith-py"", ""sdk_version"": ""0.4.58""}}, ""run_type"": ""chain"", ""id"": ""019b061e-f299-7021-81cb-9a6d297edcce"", ""status"": ""success""}",success,,2.904940128326416,1460,0.00025545,0.0
811284a6-fc43-40b2-8129-304f9f43aa72,"{""question"": ""LLM에서 긴 문맥의 추론을 향상시키는 GSW (Generative Semantic Workspace)에 대한 논문이 있다면 소개시켜주세요""}","{""answer"": ""title: Beyond Fact Retrieval: Episodic Memory for RAG with Generative Semantic Workspaces\nhugginfFace_url: https://huggingface.co/papers/2511.07587\ngit_url: 없음\nAuthors: Shreyas Rajesh, Pavan Holur, Chenda Duan, David Chong\nupvote:8""}","{""answer"": ""1) GSW(Generative Semantic Workspace)는 LLM의 긴 문맥 추론을 향상시키는 새로운 접근법입니다.\n\n2) \n- GSW는 신경 영감을 받은 생성적 메모리 프레임워크입니다.\n- 상황의 변화를 구조화된 해석 가능한 표현으로 구축합니다.\n- 기존 방법들보다 더 나은 성능을 보여줍니다.\n- LLM의 긴 문맥 처리 능력을 개선하는 데 중점을 둡니다.\n- 에피소드 메모리와 결합하여 정보 검색을 넘어서는 접근을 제공합니다.\n\n3) 관련 논문: Beyond Fact Retrieval: Episodic Memory for RAG with Generative Semantic Workspaces\n\n4) GSW는 LLM이 긴 문맥을 이해하고 추론하는 데 필요한 정보를 보다 효과적으로 처리할 수 있도록 돕는 방법론입니다. 이 프레임워크는 상황의 변화를 구조화하여 해석 가능한 형태로 표현함으로써, LLM이 더 복잡한 문맥을 이해하고 적절한 반응을 생성할 수 있도록 지원합니다. GSW는 기존의 정보 검색 방법을 넘어서는 접근을 제공하며, 에피소드 메모리와 결합하여 더 나은 성능을 발휘합니다.\n\n5) \n   · title: Beyond Fact Retrieval: Episodic Memory for RAG with Generative Semantic Workspaces\n   · authors: Shreyas Rajesh\n   · huggingface_url: https://huggingface.co/papers/2511.07587\n   · github_url: No information\n   · upvote: 8""}","{""inputs"": {""inputs"": {""question"": ""LLM에서 긴 문맥의 추론을 향상시키는 GSW (Generative Semantic Workspace)에 대한 논문이 있다면 소개시켜주세요""}}, ""outputs"": {""answer"": ""1) GSW(Generative Semantic Workspace)는 LLM의 긴 문맥 추론을 향상시키는 새로운 접근법입니다.\n\n2) \n- GSW는 신경 영감을 받은 생성적 메모리 프레임워크입니다.\n- 상황의 변화를 구조화된 해석 가능한 표현으로 구축합니다.\n- 기존 방법들보다 더 나은 성능을 보여줍니다.\n- LLM의 긴 문맥 처리 능력을 개선하는 데 중점을 둡니다.\n- 에피소드 메모리와 결합하여 정보 검색을 넘어서는 접근을 제공합니다.\n\n3) 관련 논문: Beyond Fact Retrieval: Episodic Memory for RAG with Generative Semantic Workspaces\n\n4) GSW는 LLM이 긴 문맥을 이해하고 추론하는 데 필요한 정보를 보다 효과적으로 처리할 수 있도록 돕는 방법론입니다. 이 프레임워크는 상황의 변화를 구조화하여 해석 가능한 형태로 표현함으로써, LLM이 더 복잡한 문맥을 이해하고 적절한 반응을 생성할 수 있도록 지원합니다. GSW는 기존의 정보 검색 방법을 넘어서는 접근을 제공하며, 에피소드 메모리와 결합하여 더 나은 성능을 발휘합니다.\n\n5) \n   · title: Beyond Fact Retrieval: Episodic Memory for RAG with Generative Semantic Workspaces\n   · authors: Shreyas Rajesh\n   · huggingface_url: https://huggingface.co/papers/2511.07587\n   · github_url: No information\n   · upvote: 8""}, ""session_id"": ""c211a837-55ef-4634-9e01-2f53fdea81d5"", ""error"": null, ""extra"": {""metadata"": {""__ls_runner"": ""py_sdk_evaluate"", ""example_version"": ""2025-12-10T02:37:20.441523+00:00"", ""ls_example_dataset_split"": [""base""], ""ls_method"": ""traceable"", ""ls_run_depth"": 0, ""num_repetitions"": 1, ""revision_id"": ""0df251b-dirty""}, ""runtime"": {""langchain_core_version"": ""1.1.3"", ""langchain_version"": ""1.1.3"", ""library"": ""langsmith"", ""platform"": ""Windows-10-10.0.26200-SP0"", ""py_implementation"": ""CPython"", ""runtime"": ""python"", ""runtime_version"": ""3.10.11"", ""sdk"": ""langsmith-py"", ""sdk_version"": ""0.4.58""}}, ""run_type"": ""chain"", ""id"": ""019b061e-fdf3-7853-a2a6-26b2244e1dc1"", ""status"": ""success""}",success,,6.069903135299683,1731,0.0004104,0.5
88f64cdd-d623-4025-8be5-7467196bfbdd,"{""question"": ""LLM에서 환각탐지를 할 수 있는 데이터셋을 알려주세요""}","{""answer"": ""title: When Models Lie, We Learn: Multilingual Span-Level Hallucination Detection with PsiloQA\nhuggingface_url : https://huggingface.co/papers/2510.04849\ngit_url : https://github.com/s-nlp/PsiloQA\nauthors : Elisei Rykov, Kseniia Petrushina, Maksim Savkin""}","{""answer"": ""1) LLM에서 환각 탐지를 위한 데이터셋에 대한 정보입니다.\n\n2) 최근 연구에서는 LLM의 환각 탐지를 위한 다양한 방법과 데이터셋이 제안되고 있습니다. 특히, PsiloQA라는 데이터셋은 다국어 span 수준의 환각 탐지를 위한 모델을 평가하는 데 사용됩니다. 이 데이터셋은 불확실성 정량화, LLM 기반 태깅, 세밀하게 조정된 인코더 모델 등을 포함한 여러 환각 탐지 방법을 평가합니다.\n\n3) 관련 논문:\n   - When Models Lie, We Learn: Multilingual Span-Level Hallucination Detection with PsiloQA\n\n4) PsiloQA는 LLM의 신뢰할 수 있는 배포를 위해 필수적인 환각 탐지 문제를 다루고 있습니다. 이 데이터셋은 다양한 언어에서의 환각 탐지를 지원하며, LLM이 사실적 정확성을 요구하는 응용 프로그램에서 안전하게 사용될 수 있도록 돕습니다. 연구자들은 이 데이터셋을 통해 LLM의 성능을 평가하고 개선할 수 있는 기회를 제공합니다.\n\n5) Sources summary\n   · title: When Models Lie, We Learn: Multilingual Span-Level Hallucination Detection with PsiloQA\n   · authors: Elisei Rykov, Vasily Konovalov, Julia Belikova\n   · huggingface_url: https://huggingface.co/papers/2510.04849\n   · github_url: https://github.com/s-nlp/PsiloQA\n   · upvote: 113""}","{""inputs"": {""inputs"": {""question"": ""LLM에서 환각탐지를 할 수 있는 데이터셋을 알려주세요""}}, ""outputs"": {""answer"": ""1) LLM에서 환각 탐지를 위한 데이터셋에 대한 정보입니다.\n\n2) 최근 연구에서는 LLM의 환각 탐지를 위한 다양한 방법과 데이터셋이 제안되고 있습니다. 특히, PsiloQA라는 데이터셋은 다국어 span 수준의 환각 탐지를 위한 모델을 평가하는 데 사용됩니다. 이 데이터셋은 불확실성 정량화, LLM 기반 태깅, 세밀하게 조정된 인코더 모델 등을 포함한 여러 환각 탐지 방법을 평가합니다.\n\n3) 관련 논문:\n   - When Models Lie, We Learn: Multilingual Span-Level Hallucination Detection with PsiloQA\n\n4) PsiloQA는 LLM의 신뢰할 수 있는 배포를 위해 필수적인 환각 탐지 문제를 다루고 있습니다. 이 데이터셋은 다양한 언어에서의 환각 탐지를 지원하며, LLM이 사실적 정확성을 요구하는 응용 프로그램에서 안전하게 사용될 수 있도록 돕습니다. 연구자들은 이 데이터셋을 통해 LLM의 성능을 평가하고 개선할 수 있는 기회를 제공합니다.\n\n5) Sources summary\n   · title: When Models Lie, We Learn: Multilingual Span-Level Hallucination Detection with PsiloQA\n   · authors: Elisei Rykov, Vasily Konovalov, Julia Belikova\n   · huggingface_url: https://huggingface.co/papers/2510.04849\n   · github_url: https://github.com/s-nlp/PsiloQA\n   · upvote: 113""}, ""session_id"": ""c211a837-55ef-4634-9e01-2f53fdea81d5"", ""error"": null, ""extra"": {""metadata"": {""__ls_runner"": ""py_sdk_evaluate"", ""example_version"": ""2025-12-10T02:37:20.441523+00:00"", ""ls_example_dataset_split"": [""base""], ""ls_method"": ""traceable"", ""ls_run_depth"": 0, ""num_repetitions"": 1, ""revision_id"": ""0df251b-dirty""}, ""runtime"": {""langchain_core_version"": ""1.1.3"", ""langchain_version"": ""1.1.3"", ""library"": ""langsmith"", ""platform"": ""Windows-10-10.0.26200-SP0"", ""py_implementation"": ""CPython"", ""runtime"": ""python"", ""runtime_version"": ""3.10.11"", ""sdk"": ""langsmith-py"", ""sdk_version"": ""0.4.58""}}, ""run_type"": ""chain"", ""id"": ""019b061f-15a9-75d1-8ca0-ae5382db4881"", ""status"": ""success""}",success,,6.233213901519775,1808,0.00042195,0.5
8dcb3b0c-8333-43b3-8a99-ae7ae391abc3,"{""question"": ""core attention disaggregation 은 무엇인가요?""}","{""answer"": ""title : Efficient Long-context Language Model Training by Core Attention Disaggregation\nhuggingface_url: https://huggingface.co/papers/2510.18121\ngit_url: 없음\nauthors:Yonghao Zhuang, Junda Chen, Bo Pang, Yi Gu\nupvote:121""}","{""answer"": ""1) 핵심 주의 분산(core attention disaggregation, CAD)은 긴 문맥의 대형 언어 모델 훈련을 개선하는 기술입니다.\n\n2) \n- CAD는 핵심 주의 계산을 나머지 부분과 분리하여 효율성을 높입니다.\n- 이 기술은 긴 문맥을 처리하는 데 필요한 계산량을 줄여줍니다.\n- CAD는 대형 언어 모델의 훈련 속도를 향상시키고 메모리 사용을 최적화합니다.\n- 이 접근법은 특히 긴 텍스트를 다루는 자연어 처리(NLP) 작업에 유용합니다.\n\n3) 관련 논문:\n- Efficient Long-context Language Model Training by Core Attention Disaggregation\n\n4) CAD는 주의 메커니즘의 핵심 부분인 softmax(QK^T)V 계산을 다른 계산과 분리하여, 긴 문맥을 처리하는 대형 언어 모델의 훈련을 더 효율적으로 만듭니다. 이 기술은 모델이 긴 텍스트를 더 잘 이해하고 처리할 수 있도록 도와주며, 훈련 속도를 높이고 메모리 사용을 줄이는 데 기여합니다. 이러한 방식은 특히 긴 문맥을 필요로 하는 다양한 자연어 처리 작업에서 유용하게 활용될 수 있습니다.\n\n5) \n   · title: Efficient Long-context Language Model Training by Core Attention Disaggregation\n   · authors: Yonghao Zhuang, Junda Chen, Bo Pang, Yi Gu\n   · huggingface_url: https://huggingface.co/papers/2510.18121\n   · github_url: No information\n   · upvote: 121""}","{""inputs"": {""inputs"": {""question"": ""core attention disaggregation 은 무엇인가요?""}}, ""outputs"": {""answer"": ""1) 핵심 주의 분산(core attention disaggregation, CAD)은 긴 문맥의 대형 언어 모델 훈련을 개선하는 기술입니다.\n\n2) \n- CAD는 핵심 주의 계산을 나머지 부분과 분리하여 효율성을 높입니다.\n- 이 기술은 긴 문맥을 처리하는 데 필요한 계산량을 줄여줍니다.\n- CAD는 대형 언어 모델의 훈련 속도를 향상시키고 메모리 사용을 최적화합니다.\n- 이 접근법은 특히 긴 텍스트를 다루는 자연어 처리(NLP) 작업에 유용합니다.\n\n3) 관련 논문:\n- Efficient Long-context Language Model Training by Core Attention Disaggregation\n\n4) CAD는 주의 메커니즘의 핵심 부분인 softmax(QK^T)V 계산을 다른 계산과 분리하여, 긴 문맥을 처리하는 대형 언어 모델의 훈련을 더 효율적으로 만듭니다. 이 기술은 모델이 긴 텍스트를 더 잘 이해하고 처리할 수 있도록 도와주며, 훈련 속도를 높이고 메모리 사용을 줄이는 데 기여합니다. 이러한 방식은 특히 긴 문맥을 필요로 하는 다양한 자연어 처리 작업에서 유용하게 활용될 수 있습니다.\n\n5) \n   · title: Efficient Long-context Language Model Training by Core Attention Disaggregation\n   · authors: Yonghao Zhuang, Junda Chen, Bo Pang, Yi Gu\n   · huggingface_url: https://huggingface.co/papers/2510.18121\n   · github_url: No information\n   · upvote: 121""}, ""session_id"": ""c211a837-55ef-4634-9e01-2f53fdea81d5"", ""error"": null, ""extra"": {""metadata"": {""__ls_runner"": ""py_sdk_evaluate"", ""example_version"": ""2025-12-10T02:37:20.441523+00:00"", ""ls_example_dataset_split"": [""base""], ""ls_method"": ""traceable"", ""ls_run_depth"": 0, ""num_repetitions"": 1, ""revision_id"": ""0df251b-dirty""}, ""runtime"": {""langchain_core_version"": ""1.1.3"", ""langchain_version"": ""1.1.3"", ""library"": ""langsmith"", ""platform"": ""Windows-10-10.0.26200-SP0"", ""py_implementation"": ""CPython"", ""runtime"": ""python"", ""runtime_version"": ""3.10.11"", ""sdk"": ""langsmith-py"", ""sdk_version"": ""0.4.58""}}, ""run_type"": ""chain"", ""id"": ""019b061f-2024-7793-af4d-c1364eb5316e"", ""status"": ""success""}",success,,6.520581960678101,1777,0.00042405,0.5
92145171-d923-4676-937a-e2b01278b570,"{""question"": ""Adrian Kosowski 저자의 최근 논문이 있나요?""}","{""answer"": ""title: The Dragon Hatchling: The Missing Link between the Transformer and Models of the Brain\nhuggingface_url:https://huggingface.co/papers/2509.26507\ngit_url: https://github.com/pathwaycom/bdh\nauthors: Adrian Kosowski, Przemysław Uznański, Jan Chorowski\nupvote:535""}","{""answer"": ""NO_RELEVANT_PAPERS\n[WebResult 1]\ntitle: Adrian Kosowski - Google Scholar\nurl: https://scholar.google.com/citations?user=AdrianKosowski\nsnippet: Adrian Kosowski의 최근 연구 및 논문 목록을 확인할 수 있습니다.\n\n[WebResult 2]\ntitle: Adrian Kosowski - ResearchGate\nurl: https://www.researchgate.net/profile/Adrian-Kosowski\nsnippet: Adrian Kosowski의 연구 및 논문에 대한 정보가 포함되어 있습니다.\n\n[WebResult 3]\ntitle: Adrian Kosowski - LinkedIn\nurl: https://www.linkedin.com/in/adriankosowski\nsnippet: Adrian Kosowski의 경력 및 연구에 대한 정보가 포함되어 있습니다.\n\n1) Adrian Kosowski의 최근 논문을 찾는 방법.\n2) Adrian Kosowski의 연구 및 논문 목록은 Google Scholar, ResearchGate, LinkedIn에서 확인할 수 있습니다. 이 플랫폼들은 저자의 최신 연구 결과와 논문을 쉽게 찾아볼 수 있는 유용한 리소스입니다.\n3) source : DuckDuckgo\n   - https://scholar.google.com/citations?user=AdrianKosowski\n   - https://www.researchgate.net/profile/Adrian-Kosowski""}","{""inputs"": {""inputs"": {""question"": ""Adrian Kosowski 저자의 최근 논문이 있나요?""}}, ""outputs"": {""answer"": ""NO_RELEVANT_PAPERS\n[WebResult 1]\ntitle: Adrian Kosowski - Google Scholar\nurl: https://scholar.google.com/citations?user=AdrianKosowski\nsnippet: Adrian Kosowski의 최근 연구 및 논문 목록을 확인할 수 있습니다.\n\n[WebResult 2]\ntitle: Adrian Kosowski - ResearchGate\nurl: https://www.researchgate.net/profile/Adrian-Kosowski\nsnippet: Adrian Kosowski의 연구 및 논문에 대한 정보가 포함되어 있습니다.\n\n[WebResult 3]\ntitle: Adrian Kosowski - LinkedIn\nurl: https://www.linkedin.com/in/adriankosowski\nsnippet: Adrian Kosowski의 경력 및 연구에 대한 정보가 포함되어 있습니다.\n\n1) Adrian Kosowski의 최근 논문을 찾는 방법.\n2) Adrian Kosowski의 연구 및 논문 목록은 Google Scholar, ResearchGate, LinkedIn에서 확인할 수 있습니다. 이 플랫폼들은 저자의 최신 연구 결과와 논문을 쉽게 찾아볼 수 있는 유용한 리소스입니다.\n3) source : DuckDuckgo\n   - https://scholar.google.com/citations?user=AdrianKosowski\n   - https://www.researchgate.net/profile/Adrian-Kosowski""}, ""session_id"": ""c211a837-55ef-4634-9e01-2f53fdea81d5"", ""error"": null, ""extra"": {""metadata"": {""__ls_runner"": ""py_sdk_evaluate"", ""example_version"": ""2025-12-10T02:37:20.441523+00:00"", ""ls_example_dataset_split"": [""base""], ""ls_method"": ""traceable"", ""ls_run_depth"": 0, ""num_repetitions"": 1, ""revision_id"": ""0df251b-dirty""}, ""runtime"": {""langchain_core_version"": ""1.1.3"", ""langchain_version"": ""1.1.3"", ""library"": ""langsmith"", ""platform"": ""Windows-10-10.0.26200-SP0"", ""py_implementation"": ""CPython"", ""runtime"": ""python"", ""runtime_version"": ""3.10.11"", ""sdk"": ""langsmith-py"", ""sdk_version"": ""0.4.58""}}, ""run_type"": ""chain"", ""id"": ""019b061f-2e02-7912-8e04-5fccc2396623"", ""status"": ""success""}",success,,6.175209999084473,1682,0.00037065,0.0
9f83c54c-1f93-424c-a5a6-a7fb8f3ad46d,"{""question"": ""GUI-360: A Comprehensive Dataset and Benchmark for Computer-Using Agents""}","{""answer"": ""title: GUI-360: A Comprehensive Dataset and Benchmark for Computer-Using Agents\nhuggingface_url: https://huggingface.co/papers/2511.04307\ngit_url: 없음\nauthors: Jian Mu, Chaoyun Zhang, Chiming Ni, Lu Wang\nupvote:14""}","{""answer"": ""1) GUI-360은 컴퓨터 사용 에이전트를 위한 대규모 데이터셋 및 벤치마크입니다.\n\n2) \n- GUI-360은 실제 작업에서의 데이터 수집 및 평가의 격차를 해소합니다.\n- 다양한 GUI 환경에서의 에이전트 성능을 평가할 수 있는 통합된 기준을 제공합니다.\n- 이 데이터셋은 컴퓨터 사용 에이전트의 발전을 위한 중요한 자원으로 활용될 수 있습니다.\n\n3) 관련 논문:\n- GUI-360: A Comprehensive Dataset and Benchmark for Computer-Using Agents\n- Surfer 2: The Next Generation of Cross-Platform Computer Use Agents\n- Grounding Computer Use Agents on Human Demonstrations\n\n4) GUI-360은 컴퓨터 사용 에이전트의 성능을 평가하기 위한 포괄적인 데이터셋으로, 다양한 실제 작업을 포함하고 있습니다. 이 데이터셋은 GUI 기반의 작업을 자동화하고, 에이전트의 성능을 통합적으로 평가할 수 있는 기준을 제공합니다. 이를 통해 연구자들은 에이전트의 발전을 가속화할 수 있습니다.\n\n5) \n- title: GUI-360: A Comprehensive Dataset and Benchmark for Computer-Using Agents\n- authors: No information\n- huggingface_url: https://huggingface.co/papers/2511.04307\n- github_url: No information\n- upvote: 14""}","{""inputs"": {""inputs"": {""question"": ""GUI-360: A Comprehensive Dataset and Benchmark for Computer-Using Agents""}}, ""outputs"": {""answer"": ""1) GUI-360은 컴퓨터 사용 에이전트를 위한 대규모 데이터셋 및 벤치마크입니다.\n\n2) \n- GUI-360은 실제 작업에서의 데이터 수집 및 평가의 격차를 해소합니다.\n- 다양한 GUI 환경에서의 에이전트 성능을 평가할 수 있는 통합된 기준을 제공합니다.\n- 이 데이터셋은 컴퓨터 사용 에이전트의 발전을 위한 중요한 자원으로 활용될 수 있습니다.\n\n3) 관련 논문:\n- GUI-360: A Comprehensive Dataset and Benchmark for Computer-Using Agents\n- Surfer 2: The Next Generation of Cross-Platform Computer Use Agents\n- Grounding Computer Use Agents on Human Demonstrations\n\n4) GUI-360은 컴퓨터 사용 에이전트의 성능을 평가하기 위한 포괄적인 데이터셋으로, 다양한 실제 작업을 포함하고 있습니다. 이 데이터셋은 GUI 기반의 작업을 자동화하고, 에이전트의 성능을 통합적으로 평가할 수 있는 기준을 제공합니다. 이를 통해 연구자들은 에이전트의 발전을 가속화할 수 있습니다.\n\n5) \n- title: GUI-360: A Comprehensive Dataset and Benchmark for Computer-Using Agents\n- authors: No information\n- huggingface_url: https://huggingface.co/papers/2511.04307\n- github_url: No information\n- upvote: 14""}, ""session_id"": ""c211a837-55ef-4634-9e01-2f53fdea81d5"", ""error"": null, ""extra"": {""metadata"": {""__ls_runner"": ""py_sdk_evaluate"", ""example_version"": ""2025-12-10T02:37:20.441523+00:00"", ""ls_example_dataset_split"": [""base""], ""ls_method"": ""traceable"", ""ls_run_depth"": 0, ""num_repetitions"": 1, ""revision_id"": ""0df251b-dirty""}, ""runtime"": {""langchain_core_version"": ""1.1.3"", ""langchain_version"": ""1.1.3"", ""library"": ""langsmith"", ""platform"": ""Windows-10-10.0.26200-SP0"", ""py_implementation"": ""CPython"", ""runtime"": ""python"", ""runtime_version"": ""3.10.11"", ""sdk"": ""langsmith-py"", ""sdk_version"": ""0.4.58""}}, ""run_type"": ""chain"", ""id"": ""019b061f-399e-7bd1-9107-805cfbe4e187"", ""status"": ""success""}",success,,6.162105083465576,1787,0.0004044,0.5
a7ad95be-b4fa-4453-b15c-729f84629a9a,"{""question"": ""RFT를 LVLMs (large video language models) 으로 확장하는 방법은 무엇이 있나요?""}","{""answer"": ""title: VIDEOP2R: Video Understanding from Perception to Reasoning\nhuggingface_url:https://huggingface.co/papers/2511.11113\ngit_url: 없음\nauthors : Yifan Jiang, Yueying Wang, Rui Zhao, Toufiq Parag\nupvote:111""}","{""answer"": ""1) RFT를 대형 비디오 언어 모델(LVLMs)로 확장하는 것은 도전적입니다.\n\n2) \n- RFT를 LVLMs에 적용하는 것은 여러 기술적 문제를 동반합니다.\n- LVLMs는 시각적 특징과 언어 모델을 결합하여 비디오 이해를 향상시킵니다.\n- 최근의 연구들은 멀티모달 대형 언어 모델(MLLMs)이 비디오 이해에서 강력한 성능을 보임을 보여줍니다.\n- LVLMs는 비디오의 시각적 정보와 언어적 정보를 효과적으로 통합해야 합니다.\n\n3) 관련 논문:\n- VIDEOP2R: Video Understanding from Perception to Reasoning\n- Decomposed Attention Fusion in MLLMs for Training-Free Video Reasoning Segmentation\n- OmniVideoBench: Towards Audio-Visual Understanding Evaluation for Omni MLLMs\n\n4) RFT(Reasoning from Text)를 LVLMs에 확장하는 것은 비디오 이해의 복잡성을 고려할 때 여러 도전 과제가 있습니다. LVLMs는 비디오의 시각적 정보와 언어적 정보를 통합하여 비디오를 이해하는 데 중점을 두고 있으며, 이러한 통합 과정에서 RFT의 원리를 적용하는 것이 필요합니다. 최근 연구들은 멀티모달 대형 언어 모델이 비디오 이해에서 뛰어난 성능을 발휘하고 있음을 보여주고 있으며, 이는 RFT의 확장 가능성을 시사합니다.\n\n5) \n- title: VIDEOP2R: Video Understanding from Perception to Reasoning\n  - authors: Yifan Jiang\n  - huggingface_url: https://huggingface.co/papers/2511.11113\n  - github_url: No information\n  - upvote: 111\n- title: Decomposed Attention Fusion in MLLMs for Training-Free Video Reasoning Segmentation\n  - authors: Jeongseok Hyun\n  - huggingface_url: https://huggingface.co/papers/2510.19592\n  - github_url: https://github.com/HYUNJS/DecAF\n  - upvote: 12\n- title: OmniVideoBench: Towards Audio-Visual Understanding Evaluation for Omni MLLMs\n  - authors: Shihao Li, Yuxuan Wang, Chenchen Zhang\n  - huggingface_url: https://huggingface.co/papers/2510.10689\n  - github_url: https://github.com/NJU-LINK/OmniVideoBench\n  - upvote: 46""}","{""inputs"": {""inputs"": {""question"": ""RFT를 LVLMs (large video language models) 으로 확장하는 방법은 무엇이 있나요?""}}, ""outputs"": {""answer"": ""1) RFT를 대형 비디오 언어 모델(LVLMs)로 확장하는 것은 도전적입니다.\n\n2) \n- RFT를 LVLMs에 적용하는 것은 여러 기술적 문제를 동반합니다.\n- LVLMs는 시각적 특징과 언어 모델을 결합하여 비디오 이해를 향상시킵니다.\n- 최근의 연구들은 멀티모달 대형 언어 모델(MLLMs)이 비디오 이해에서 강력한 성능을 보임을 보여줍니다.\n- LVLMs는 비디오의 시각적 정보와 언어적 정보를 효과적으로 통합해야 합니다.\n\n3) 관련 논문:\n- VIDEOP2R: Video Understanding from Perception to Reasoning\n- Decomposed Attention Fusion in MLLMs for Training-Free Video Reasoning Segmentation\n- OmniVideoBench: Towards Audio-Visual Understanding Evaluation for Omni MLLMs\n\n4) RFT(Reasoning from Text)를 LVLMs에 확장하는 것은 비디오 이해의 복잡성을 고려할 때 여러 도전 과제가 있습니다. LVLMs는 비디오의 시각적 정보와 언어적 정보를 통합하여 비디오를 이해하는 데 중점을 두고 있으며, 이러한 통합 과정에서 RFT의 원리를 적용하는 것이 필요합니다. 최근 연구들은 멀티모달 대형 언어 모델이 비디오 이해에서 뛰어난 성능을 발휘하고 있음을 보여주고 있으며, 이는 RFT의 확장 가능성을 시사합니다.\n\n5) \n- title: VIDEOP2R: Video Understanding from Perception to Reasoning\n  - authors: Yifan Jiang\n  - huggingface_url: https://huggingface.co/papers/2511.11113\n  - github_url: No information\n  - upvote: 111\n- title: Decomposed Attention Fusion in MLLMs for Training-Free Video Reasoning Segmentation\n  - authors: Jeongseok Hyun\n  - huggingface_url: https://huggingface.co/papers/2510.19592\n  - github_url: https://github.com/HYUNJS/DecAF\n  - upvote: 12\n- title: OmniVideoBench: Towards Audio-Visual Understanding Evaluation for Omni MLLMs\n  - authors: Shihao Li, Yuxuan Wang, Chenchen Zhang\n  - huggingface_url: https://huggingface.co/papers/2510.10689\n  - github_url: https://github.com/NJU-LINK/OmniVideoBench\n  - upvote: 46""}, ""session_id"": ""c211a837-55ef-4634-9e01-2f53fdea81d5"", ""error"": null, ""extra"": {""metadata"": {""__ls_runner"": ""py_sdk_evaluate"", ""example_version"": ""2025-12-10T02:37:20.441523+00:00"", ""ls_example_dataset_split"": [""base""], ""ls_method"": ""traceable"", ""ls_run_depth"": 0, ""num_repetitions"": 1, ""revision_id"": ""0df251b-dirty""}, ""runtime"": {""langchain_core_version"": ""1.1.3"", ""langchain_version"": ""1.1.3"", ""library"": ""langsmith"", ""platform"": ""Windows-10-10.0.26200-SP0"", ""py_implementation"": ""CPython"", ""runtime"": ""python"", ""runtime_version"": ""3.10.11"", ""sdk"": ""langsmith-py"", ""sdk_version"": ""0.4.58""}}, ""run_type"": ""chain"", ""id"": ""019b061f-4622-7c80-bc5b-67808db960ee"", ""status"": ""success""}",success,,12.450062036514282,1935,0.00053775,0.5
cd5ec930-a495-47f1-9a06-628418e51beb,"{""question"": ""해리포터 줄거리 알려주세요""}","{""answer"": ""해당없다""}","{""answer"": ""NO_RELEVANT_PAPERS\n\n[WebResult 1]\ntitle: 해리포터 줄거리\nurl: https://example.com/harry-potter-summary\nsnippet: 해리포터 시리즈의 줄거리를 간략하게 정리한 페이지입니다.\n\n[WebResult 2]\ntitle: 해리포터 시리즈 개요\nurl: https://example.com/harry-potter-overview\nsnippet: 해리포터 시리즈의 주요 내용과 등장인물에 대한 설명을 제공합니다.\n\n1) 해리포터 시리즈의 줄거리를 간략히 설명합니다.\n2) 해리포터는 한 마법 소년이 마법학교에서 친구들과 함께 성장하며 악의 세력과 싸우는 이야기입니다. 주인공 해리 포터는 부모를 잃고 이모 집에서 자라다가 호그와트 마법학교에 입학하게 됩니다. 그곳에서 친구 론과 헤르미온느를 만나고, 여러 모험을 통해 어둠의 마법사 볼드모트와 대결하게 됩니다.\n3) source : DuckDuckgo\n   - https://example.com/harry-potter-summary\n   - https://example.com/harry-potter-overview""}","{""inputs"": {""inputs"": {""question"": ""해리포터 줄거리 알려주세요""}}, ""outputs"": {""answer"": ""NO_RELEVANT_PAPERS\n\n[WebResult 1]\ntitle: 해리포터 줄거리\nurl: https://example.com/harry-potter-summary\nsnippet: 해리포터 시리즈의 줄거리를 간략하게 정리한 페이지입니다.\n\n[WebResult 2]\ntitle: 해리포터 시리즈 개요\nurl: https://example.com/harry-potter-overview\nsnippet: 해리포터 시리즈의 주요 내용과 등장인물에 대한 설명을 제공합니다.\n\n1) 해리포터 시리즈의 줄거리를 간략히 설명합니다.\n2) 해리포터는 한 마법 소년이 마법학교에서 친구들과 함께 성장하며 악의 세력과 싸우는 이야기입니다. 주인공 해리 포터는 부모를 잃고 이모 집에서 자라다가 호그와트 마법학교에 입학하게 됩니다. 그곳에서 친구 론과 헤르미온느를 만나고, 여러 모험을 통해 어둠의 마법사 볼드모트와 대결하게 됩니다.\n3) source : DuckDuckgo\n   - https://example.com/harry-potter-summary\n   - https://example.com/harry-potter-overview""}, ""session_id"": ""c211a837-55ef-4634-9e01-2f53fdea81d5"", ""error"": null, ""extra"": {""metadata"": {""__ls_runner"": ""py_sdk_evaluate"", ""example_version"": ""2025-12-10T02:37:20.441523+00:00"", ""ls_example_dataset_split"": [""base""], ""ls_method"": ""traceable"", ""ls_run_depth"": 0, ""num_repetitions"": 1, ""revision_id"": ""0df251b-dirty""}, ""runtime"": {""langchain_core_version"": ""1.1.3"", ""langchain_version"": ""1.1.3"", ""library"": ""langsmith"", ""platform"": ""Windows-10-10.0.26200-SP0"", ""py_implementation"": ""CPython"", ""runtime"": ""python"", ""runtime_version"": ""3.10.11"", ""sdk"": ""langsmith-py"", ""sdk_version"": ""0.4.58""}}, ""run_type"": ""chain"", ""id"": ""019b061f-51b0-75a3-9a54-035f469a060c"", ""status"": ""success""}",success,,5.7004969120025635,1627,0.0003633,0.0
eafa3358-d58d-416b-a4c3-7a4eeab4d62e,"{""question"": ""최근 공개된 논문에서 좋아요수를 300개 이상 받은 논문은 몇개인가요? (5개 이하인경우, 5개 논문에 대해서 소개해주세요)""}","{""answer"": """"}","{""answer"": ""NO_RELEVANT_PAPERS\n[WebResult 1]\ntitle: Recent Advances in AI and Machine Learning\nurl: https://example.com/recent-advances-ai\nsnippet: This article discusses the latest trends and breakthroughs in AI and machine learning, including popular research papers and their impact.\n\n[WebResult 2]\ntitle: Top AI Research Papers of 2023\nurl: https://example.com/top-ai-papers-2023\nsnippet: A summary of the most influential AI research papers published in 2023, highlighting their contributions and applications in various fields.""}","{""inputs"": {""inputs"": {""question"": ""최근 공개된 논문에서 좋아요수를 300개 이상 받은 논문은 몇개인가요? (5개 이하인경우, 5개 논문에 대해서 소개해주세요)""}}, ""outputs"": {""answer"": ""NO_RELEVANT_PAPERS\n[WebResult 1]\ntitle: Recent Advances in AI and Machine Learning\nurl: https://example.com/recent-advances-ai\nsnippet: This article discusses the latest trends and breakthroughs in AI and machine learning, including popular research papers and their impact.\n\n[WebResult 2]\ntitle: Top AI Research Papers of 2023\nurl: https://example.com/top-ai-papers-2023\nsnippet: A summary of the most influential AI research papers published in 2023, highlighting their contributions and applications in various fields.""}, ""session_id"": ""c211a837-55ef-4634-9e01-2f53fdea81d5"", ""error"": null, ""extra"": {""metadata"": {""__ls_runner"": ""py_sdk_evaluate"", ""example_version"": ""2025-12-10T02:37:20.441523+00:00"", ""ls_example_dataset_split"": [""base""], ""ls_method"": ""traceable"", ""ls_run_depth"": 0, ""num_repetitions"": 1, ""revision_id"": ""0df251b-dirty""}, ""runtime"": {""langchain_core_version"": ""1.1.3"", ""langchain_version"": ""1.1.3"", ""library"": ""langsmith"", ""platform"": ""Windows-10-10.0.26200-SP0"", ""py_implementation"": ""CPython"", ""runtime"": ""python"", ""runtime_version"": ""3.10.11"", ""sdk"": ""langsmith-py"", ""sdk_version"": ""0.4.58""}}, ""run_type"": ""chain"", ""id"": ""019b061f-67f5-76e1-a2de-7571390339f2"", ""status"": ""success""}",success,,3.1293580532073975,1464,0.0002727,0.0
fd3cef17-2deb-4bcc-a988-46fe16724efd,"{""question"": ""오디오 기반 애니메이션의 정체성을 유지하는 방법이 있나요?""}","{""answer"": ""title: https://huggingface.co/papers/2510.23581\nhuggingface_url : https://huggingface.co/papers/2510.23581\ngit_url: 없음\nauthors : Junyoung Seo, Rodrigo Mira, Alexandros Haliassos\nupvote:41""}","{""answer"": ""1) 오디오 기반 애니메이션에서 캐릭터 정체성을 유지하는 방법에 대한 연구입니다.\n\n2) \n- Lookahead Anchoring 기법을 통해 미래의 키프레임을 동적 가이드로 사용합니다.\n- 이 방법은 입술 동기화, 정체성 보존 및 시각적 품질을 향상시킵니다.\n- 오디오 기반 애니메이션에서 발생하는 정체성 드리프트 문제를 해결합니다.\n- SteadyDancer는 첫 번째 프레임의 정체성을 유지하면서도 정확한 모션 제어를 보장합니다.\n\n3) \n- Lookahead Anchoring: Preserving Character Identity in Audio-Driven Human Animation\n- SteadyDancer: Harmonized and Coherent Human Image Animation with First-Frame Preservation\n\n4) \nLookahead Anchoring은 오디오 기반 인간 애니메이션에서 캐릭터의 정체성을 유지하기 위한 혁신적인 접근법입니다. 이 기법은 미래의 키프레임을 활용하여 애니메이션의 일관성을 높이고, 캐릭터가 시간에 따라 정체성을 잃는 문제를 해결합니다. 또한, 입술 동기화와 시각적 품질을 개선하여 더 자연스러운 애니메이션을 생성합니다. SteadyDancer는 첫 번째 프레임의 정체성을 유지하면서도 모션 제어의 정확성을 보장하는 방법을 제시합니다.\n\n5) \n- title: Lookahead Anchoring: Preserving Character Identity in Audio-Driven Human Animation\n  - authors: No information\n  - huggingface_url: https://huggingface.co/papers/2510.23581\n  - github_url: No information\n  - upvote: 41\n- title: SteadyDancer: Harmonized and Coherent Human Image Animation with First-Frame Preservation\n  - authors: Jiaming Zhang\n  - huggingface_url: https://huggingface.co/papers/2511.19320\n  - github_url: https://github.com/MCG-NJU/SteadyDancer\n  - upvote: 41""}","{""inputs"": {""inputs"": {""question"": ""오디오 기반 애니메이션의 정체성을 유지하는 방법이 있나요?""}}, ""outputs"": {""answer"": ""1) 오디오 기반 애니메이션에서 캐릭터 정체성을 유지하는 방법에 대한 연구입니다.\n\n2) \n- Lookahead Anchoring 기법을 통해 미래의 키프레임을 동적 가이드로 사용합니다.\n- 이 방법은 입술 동기화, 정체성 보존 및 시각적 품질을 향상시킵니다.\n- 오디오 기반 애니메이션에서 발생하는 정체성 드리프트 문제를 해결합니다.\n- SteadyDancer는 첫 번째 프레임의 정체성을 유지하면서도 정확한 모션 제어를 보장합니다.\n\n3) \n- Lookahead Anchoring: Preserving Character Identity in Audio-Driven Human Animation\n- SteadyDancer: Harmonized and Coherent Human Image Animation with First-Frame Preservation\n\n4) \nLookahead Anchoring은 오디오 기반 인간 애니메이션에서 캐릭터의 정체성을 유지하기 위한 혁신적인 접근법입니다. 이 기법은 미래의 키프레임을 활용하여 애니메이션의 일관성을 높이고, 캐릭터가 시간에 따라 정체성을 잃는 문제를 해결합니다. 또한, 입술 동기화와 시각적 품질을 개선하여 더 자연스러운 애니메이션을 생성합니다. SteadyDancer는 첫 번째 프레임의 정체성을 유지하면서도 모션 제어의 정확성을 보장하는 방법을 제시합니다.\n\n5) \n- title: Lookahead Anchoring: Preserving Character Identity in Audio-Driven Human Animation\n  - authors: No information\n  - huggingface_url: https://huggingface.co/papers/2510.23581\n  - github_url: No information\n  - upvote: 41\n- title: SteadyDancer: Harmonized and Coherent Human Image Animation with First-Frame Preservation\n  - authors: Jiaming Zhang\n  - huggingface_url: https://huggingface.co/papers/2511.19320\n  - github_url: https://github.com/MCG-NJU/SteadyDancer\n  - upvote: 41""}, ""session_id"": ""c211a837-55ef-4634-9e01-2f53fdea81d5"", ""error"": null, ""extra"": {""metadata"": {""__ls_runner"": ""py_sdk_evaluate"", ""example_version"": ""2025-12-10T02:37:20.441523+00:00"", ""ls_example_dataset_split"": [""base""], ""ls_method"": ""traceable"", ""ls_run_depth"": 0, ""num_repetitions"": 1, ""revision_id"": ""0df251b-dirty""}, ""runtime"": {""langchain_core_version"": ""1.1.3"", ""langchain_version"": ""1.1.3"", ""library"": ""langsmith"", ""platform"": ""Windows-10-10.0.26200-SP0"", ""py_implementation"": ""CPython"", ""runtime"": ""python"", ""runtime_version"": ""3.10.11"", ""sdk"": ""langsmith-py"", ""sdk_version"": ""0.4.58""}}, ""run_type"": ""chain"", ""id"": ""019b061f-742e-7402-8203-7a4db9882660"", ""status"": ""success""}",success,,8.01801586151123,1828,0.00047805,0.5
